,Category,Rating,Reviews,Content Rating,Size in bytes,Numeric_install
0,LIBRARIES_AND_DEMO,4.1,20145,Everyone,11264.0,1000000
1,BUSINESS,4.3,46353,Everyone,22020096.0,1000000
2,LIBRARIES_AND_DEMO,3.9,58055,Everyone,41984.0,5000000
3,LIBRARIES_AND_DEMO,3.8,7750,Everyone,299008.0,1000000
4,EDUCATION,4.4,1619,Everyone,3145728.0,1000000
5,LIBRARIES_AND_DEMO,5.0,26,Everyone,2621440.0,1000
6,BEAUTY,4.5,473,Mature 17+,8598323.2,100000
7,COMMUNICATION,4.2,124346,Everyone,711680.0,10000000
8,EVENTS,5.0,16,Everyone,2411724.8,100
9,FINANCE,4.1,13868,Everyone,1468006.4,1000000
10,COMMUNICATION,4.4,32254,Everyone,5767168.0,1000000
11,COMMUNICATION,4.2,125232,Everyone,2831155.2,10000000
12,EDUCATION,4.0,430,Everyone,538624.0,10000
13,EDUCATION,4.0,275,Everyone,2411724.8,50000
14,BOOKS_AND_REFERENCE,3.9,1778,Mature 17+,5138022.4,500000
15,BUSINESS,4.4,2287,Everyone,1572864.0,1000000
16,LIBRARIES_AND_DEMO,3.5,126862,Everyone,638976.0,10000000
17,COMMUNICATION,4.1,255,Everyone,1677721.6,10000
18,LIFESTYLE,4.1,360,Everyone,4823449.6,10000
20,EDUCATION,4.3,656,Everyone,569344.0,10000
21,AUTO_AND_VEHICLES,4.0,1403,Everyone,205824.0,100000
22,BUSINESS,3.1,4034,Everyone,23552.0,100000
23,LIBRARIES_AND_DEMO,4.4,783,Everyone,6710886.4,100000
24,LIFESTYLE,4.3,1533,Everyone,8074035.2,100000
25,LIBRARIES_AND_DEMO,3.8,67007,Everyone,237568.0,5000000
26,BOOKS_AND_REFERENCE,3.5,156,Everyone,44040192.0,500000
27,HEALTH_AND_FITNESS,3.7,1861,Everyone,1572864.0,1000000
28,EDUCATION,4.3,11904,Everyone,1887436.8,1000000
29,EDUCATION,4.3,22251,Everyone,1887436.8,1000000
30,LIFESTYLE,4.4,16637,Everyone,10485760.0,1000000
32,COMMUNICATION,4.0,9498,Everyone,120832.0,1000000
33,COMMUNICATION,4.1,28238,Everyone,17825792.0,1000000
34,COMMUNICATION,4.2,42925,Everyone,2936012.8,1000000
35,LIFESTYLE,3.7,4212,Everyone,20971520.0,1000000
36,ENTERTAINMENT,4.2,38769,Mature 17+,46137344.0,1000000
37,LIFESTYLE,4.3,7287,Everyone,5242880.0,1000000
38,GAME,4.3,10306,Mature 17+,52428800.0,1000000
40,EDUCATION,4.4,748,Everyone,53477376.0,1000000
41,EDUCATION,4.4,7005,Everyone,7235174.4,1000000
42,COMMUNICATION,4.3,335646,Everyone,8703180.8,10000000
43,ART_AND_DESIGN,4.5,27,Everyone,17825792.0,10000
46,COMICS,4.5,438,Everyone,3565158.4,10000
47,ART_AND_DESIGN,3.9,136,Everyone,4823449.6,10000
49,GAME,4.4,7614130,Everyone,73400320.0,100000000
51,EDUCATION,4.0,835,Everyone,15728640.0,100000
52,LIBRARIES_AND_DEMO,4.3,434,Everyone,16777216.0,100000
55,LIBRARIES_AND_DEMO,4.6,2580,Everyone,20971520.0,100000
56,LIBRARIES_AND_DEMO,4.7,831,Everyone,25165824.0,100000
57,HEALTH_AND_FITNESS,4.1,2469,Everyone,3774873.6,100000
58,ART_AND_DESIGN,4.4,1518,Everyone,38797312.0,100000
59,AUTO_AND_VEHICLES,4.3,348,Everyone,39845888.0,100000
60,ART_AND_DESIGN,4.1,223,Everyone,4404019.2,100000
61,FINANCE,4.4,1922,Everyone,4404019.2,100000
62,LIBRARIES_AND_DEMO,4.1,923,Everyone,4508876.8,100000
63,LIFESTYLE,4.3,601,Everyone,5347737.6,100000
64,ART_AND_DESIGN,4.3,845,Everyone,8283750.4,100000
65,LIFESTYLE,3.9,18961,Everyone,1887436.8,5000000
66,EDUCATION,3.8,27572,Everyone,26214400.0,5000000
67,LIFESTYLE,4.6,116079,Everyone,3355443.2,5000000
68,BOOKS_AND_REFERENCE,4.6,90468,Everyone,6186598.4,5000000
69,GAME,4.6,59800,Everyone,8178892.8,5000000
72,EDUCATION,4.1,358,Everyone,1992294.4,50000
74,EDUCATION,4.3,206,Everyone,18874368.0,50000
75,AUTO_AND_VEHICLES,4.0,190,Everyone,2621440.0,50000
77,ART_AND_DESIGN,4.1,227,Everyone,5452595.2,50000
78,ART_AND_DESIGN,4.4,167,Everyone,5872025.6,50000
79,LIFESTYLE,4.6,2167,Everyone,1468006.4,500000
80,LIBRARIES_AND_DEMO,3.8,912,Everyone,13631488.0,500000
81,LIBRARIES_AND_DEMO,4.7,2639,Everyone,19922944.0,500000
83,EDUCATION,4.5,1929,Everyone,2621440.0,500000
84,EDUCATION,4.2,3816,Everyone,2726297.6,500000
85,LIFESTYLE,4.3,665,Everyone,3145728.0,500000
86,BOOKS_AND_REFERENCE,4.6,2084,Everyone,7025459.2,500000
87,COMMUNICATION,4.1,29208,Everyone,24117248.0,1000000
88,ENTERTAINMENT,4.4,67554,Teen,8074035.2,1000000
90,EDUCATION,4.2,240,Everyone,30408704.0,10000
91,FOOD_AND_DRINK,4.0,196,Everyone 10+,9437184.0,10000
92,EVENTS,4.3,5839,Everyone,3670016.0,100000
93,HEALTH_AND_FITNESS,4.3,1288,Everyone,32505856.0,100000
94,HEALTH_AND_FITNESS,4.2,1608,Everyone,40894464.0,100000
95,EDUCATION,4.2,3692,Everyone,4613734.4,100000
96,GAME,4.2,17039,Everyone,5138022.4,5000000
97,ENTERTAINMENT,4.3,103078,Everyone,5872025.6,5000000
98,LIFESTYLE,3.0,4260,Everyone,6606028.8,5000000
99,EVENTS,4.3,456,Everyone,2936012.8,50000
100,FINANCE,3.9,714,Everyone,3774873.6,50000
101,HEALTH_AND_FITNESS,4.0,2490,Everyone 10+,3984588.8,500000
103,HEALTH_AND_FITNESS,4.4,7586,Everyone,47185920.0,500000
104,HEALTH_AND_FITNESS,4.5,1203,Everyone,6815744.0,500000
105,BOOKS_AND_REFERENCE,4.7,21336,Everyone,24117248.0,1000000
106,ART_AND_DESIGN,4.4,13791,Everyone,34603008.0,1000000
107,HOUSE_AND_HOME,3.9,6631,Everyone,5767168.0,1000000
108,HOUSE_AND_HOME,4.0,4465,Everyone,6081740.8,1000000
109,HOUSE_AND_HOME,4.0,4450,Everyone,7969177.6,1000000
111,GAME,4.7,295241,Everyone,4089446.4,10000000
113,BUSINESS,4.7,286897,Everyone,40894464.0,10000000
116,ART_AND_DESIGN,4.8,192,Everyone,6291456.0,10000
118,BUSINESS,4.8,10295,Everyone,40894464.0,100000
121,HOUSE_AND_HOME,3.9,1478,Everyone,5976883.2,100000
123,GAME,4.7,1732263,Everyone,81788928.0,50000000
124,BOOKS_AND_REFERENCE,4.9,2739,Everyone,22020096.0,50000
125,HOUSE_AND_HOME,4.0,515,Everyone,6081740.8,50000
126,BOOKS_AND_REFERENCE,4.6,1065,Everyone,2411724.8,500000
127,COMMUNICATION,4.2,10965,Everyone,2411724.8,500000
128,EDUCATION,4.5,14206,Everyone,22020096.0,500000
129,HOUSE_AND_HOME,4.1,2427,Everyone,5557452.8,500000
130,HEALTH_AND_FITNESS,4.2,1140,Teen,5767168.0,500000
131,HOUSE_AND_HOME,4.0,2382,Everyone,6186598.4,500000
132,EDUCATION,4.0,3847,Everyone,7235174.4,500000
134,EDUCATION,3.9,1239,Everyone,1887436.8,100000
135,LIBRARIES_AND_DEMO,4.2,3945,Everyone,9856614.4,500000
136,FINANCE,4.5,60449,Everyone,104857600.0,1000000
137,BOOKS_AND_REFERENCE,4.4,8788,Everyone,10485760.0,1000000
138,BUSINESS,4.1,7149,Everyone,11534336.0,1000000
140,ART_AND_DESIGN,4.4,8788,Everyone,12582912.0,1000000
141,ENTERTAINMENT,3.8,6979,Everyone,12582912.0,1000000
142,COMMUNICATION,4.3,72065,Everyone,13631488.0,1000000
143,HEALTH_AND_FITNESS,4.8,12705,Everyone,15728640.0,1000000
144,FINANCE,4.3,7215,Everyone,18874368.0,1000000
145,GAME,4.5,10393,Everyone,18874368.0,1000000
147,BEAUTY,4.1,9315,Everyone,2726297.6,1000000
148,LIFESTYLE,3.2,3031,Everyone,2831155.2,1000000
149,BEAUTY,3.7,3871,Everyone,24117248.0,1000000
150,BEAUTY,4.3,8572,Everyone,26214400.0,1000000
151,BUSINESS,4.4,74359,Everyone,26214400.0,1000000
152,BUSINESS,3.8,5211,Everyone,27262976.0,1000000
153,EDUCATION,4.6,9321,Everyone,28311552.0,1000000
154,FINANCE,4.4,21570,Everyone,28311552.0,1000000
155,LIBRARIES_AND_DEMO,4.0,8671,Everyone,3250585.6,1000000
156,EDUCATION,4.7,32346,Everyone,3355443.2,1000000
157,LIFESTYLE,4.4,13565,Everyone,3460300.8,1000000
158,ENTERTAINMENT,4.2,23666,Teen,3774873.6,1000000
159,COMMUNICATION,4.4,27540,Everyone,3879731.2,1000000
160,FINANCE,4.6,69973,Everyone,3984588.8,1000000
161,AUTO_AND_VEHICLES,4.3,3574,Everyone 10+,4089446.4,1000000
162,COMMUNICATION,4.2,15880,Everyone,33554432.0,1000000
163,LIBRARIES_AND_DEMO,4.1,3781,Everyone,37748736.0,1000000
164,HEALTH_AND_FITNESS,4.5,19074,Everyone,4404019.2,1000000
165,COMMUNICATION,4.1,55098,Everyone,4508876.8,1000000
166,EDUCATION,4.4,1090,Everyone,51380224.0,1000000
167,EDUCATION,4.3,16195,Everyone,5452595.2,1000000
168,EDUCATION,4.6,73404,Everyone,5557452.8,1000000
169,EDUCATION,4.7,19277,Everyone,5557452.8,1000000
170,BOOKS_AND_REFERENCE,4.4,22486,Teen,5662310.4,1000000
171,EDUCATION,4.6,25183,Everyone,5662310.4,1000000
172,EDUCATION,4.7,52743,Everyone,5662310.4,1000000
173,EDUCATION,4.7,61749,Everyone,5662310.4,1000000
174,COMICS,4.4,5968,Everyone,5976883.2,1000000
175,BUSINESS,4.3,10600,Everyone,6815744.0,1000000
176,EDUCATION,4.4,33646,Everyone,7340032.0,1000000
177,DATING,4.4,35206,Everyone,7549747.2,1000000
179,FINANCE,4.6,111254,Everyone,7759462.4,1000000
180,HEALTH_AND_FITNESS,4.8,31665,Everyone,8808038.4,1000000
181,COMMUNICATION,4.8,237468,Everyone,9227468.8,1000000
182,DATING,3.9,8661,Mature 17+,9961472.0,1000000
183,DATING,4.1,11,Mature 17+,11534336.0,1000
184,DATING,3.8,24,Mature 17+,19922944.0,1000
186,EVENTS,4.9,69,Teen,342016.0,1000
189,DATING,2.6,57,Everyone,6501171.2,1000
190,LIBRARIES_AND_DEMO,4.7,48,Everyone,7235174.4,1000
191,LIFESTYLE,4.0,140995,Everyone,104857600.0,10000000
192,HEALTH_AND_FITNESS,4.8,220125,Everyone,11534336.0,10000000
193,LIFESTYLE,3.8,17368,Everyone,14680064.0,10000000
194,LIFESTYLE,3.7,33264,Everyone,18874368.0,10000000
195,HEALTH_AND_FITNESS,4.4,400592,Everyone,3040870.4,10000000
196,EDUCATION,4.7,314299,Everyone,3460300.8,10000000
198,BUSINESS,4.4,31614,Everyone,38797312.0,10000000
200,COMMUNICATION,4.3,1133501,Everyone,4928307.2,10000000
201,GAME,4.6,760628,Everyone,66060288.0,10000000
202,EDUCATION,4.5,342918,Everyone,8493465.6,10000000
203,HOUSE_AND_HOME,4.7,126,Everyone,1992294.4,10000
207,EDUCATION,4.0,304,Everyone,2097152.0,10000
208,COMICS,4.6,302,Teen,2306867.2,10000
209,EVENTS,4.2,811,Everyone,2936012.8,10000
210,LIFESTYLE,3.9,987,Everyone,4718592.0,10000
211,BEAUTY,4.5,36,Everyone,7025459.2,10000
212,BEAUTY,4.6,38,Everyone,7444889.6,10000
213,COMMUNICATION,4.3,659395,Everyone,11534336.0,100000000
214,COMMUNICATION,4.4,2876500,Everyone,25165824.0,100000000
215,COMMUNICATION,4.4,3648120,Teen,3460300.8,100000000
217,GAME,4.3,2251012,Everyone,54525952.0,100000000
218,EDUCATION,4.0,2525,Everyone,1258291.2,100000
219,DATING,3.0,1146,Mature 17+,1468006.4,100000
220,ART_AND_DESIGN,4.5,5035,Everyone,11534336.0,100000
221,BOOKS_AND_REFERENCE,4.6,7831,Teen,15728640.0,100000
222,HOUSE_AND_HOME,4.3,3522,Everyone,15728640.0,100000
223,HOUSE_AND_HOME,3.7,2248,Everyone,15728640.0,100000
224,EDUCATION,4.7,2544,Everyone,18874368.0,100000
225,AUTO_AND_VEHICLES,4.6,2431,Everyone,2516582.4,100000
226,BOOKS_AND_REFERENCE,4.5,527,Everyone,3040870.4,100000
227,FOOD_AND_DRINK,4.6,556,Teen,24117248.0,100000
229,LIFESTYLE,3.9,2042,Everyone,3145728.0,100000
231,COMICS,4.6,279,Everyone,3460300.8,100000
232,AUTO_AND_VEHICLES,4.9,10479,Everyone,34603008.0,100000
233,BEAUTY,4.3,601,Everyone,36700160.0,100000
234,HEALTH_AND_FITNESS,4.2,1324,Everyone,4194304.0,100000
236,EVENTS,4.4,4298,Everyone,4613734.4,100000
237,AUTO_AND_VEHICLES,4.0,1288,Everyone,4718592.0,100000
238,LIFESTYLE,4.0,5208,Teen,4718592.0,100000
239,EDUCATION,4.1,2363,Everyone,6920601.6,100000
240,BUSINESS,4.7,11442,Everyone,7130316.8,100000
242,EDUCATION,3.5,1405,Everyone,7654604.8,100000
243,HOUSE_AND_HOME,4.2,809,Everyone,8178892.8,100000
244,BOOKS_AND_REFERENCE,4.6,4478,Everyone 10+,9961472.0,100000
246,DATING,3.5,2,Mature 17+,17825792.0,100
249,BUSINESS,4.5,207372,Everyone,11534336.0,5000000
250,COMMUNICATION,4.2,83239,Everyone,14680064.0,5000000
252,EDUCATION,4.4,55256,Everyone,14680064.0,5000000
254,COMMUNICATION,4.3,41420,Everyone,19922944.0,5000000
255,DATING,4.2,63986,Mature 17+,20971520.0,5000000
256,DATING,4.4,172460,Mature 17+,3250585.6,5000000
257,BUSINESS,4.6,188841,Everyone,3355443.2,5000000
258,HEALTH_AND_FITNESS,4.4,70769,Everyone,36700160.0,5000000
261,BOOKS_AND_REFERENCE,4.1,85842,Everyone,38797312.0,5000000
262,EDUCATION,4.5,9770,Everyone,40894464.0,5000000
263,HEALTH_AND_FITNESS,4.5,126017,Everyone,4508876.8,5000000
264,LIFESTYLE,4.3,34327,Everyone,8493465.6,5000000
265,LIFESTYLE,4.6,51357,Everyone,83886080.0,5000000
266,FINANCE,4.1,31804,Everyone,10276044.8,5000000
267,BEAUTY,3.8,9,Everyone,3565158.4,5000
268,COMICS,4.2,21,Everyone,7025459.2,5000
270,GAME,4.5,1135631,Teen,61865984.0,50000000
273,COMMUNICATION,4.6,2264916,Everyone,6396313.6,50000000
274,GAME,4.3,1300490,Everyone,81788928.0,50000000
275,EVENTS,4.6,731,Everyone,11534336.0,50000
276,FOOD_AND_DRINK,4.1,1268,Everyone,2411724.8,50000
277,EDUCATION,4.0,316,Everyone,30408704.0,50000
278,AUTO_AND_VEHICLES,4.6,197,Everyone,3565158.4,50000
279,LIBRARIES_AND_DEMO,4.5,929,Everyone,7340032.0,50000
280,FOOD_AND_DRINK,4.1,278,Everyone,7549747.2,50000
283,COMMUNICATION,4.3,4785892,Everyone,11534336.0,500000000
286,GAME,4.3,10485308,Everyone,25165824.0,500000000
288,COMMUNICATION,4.5,17712922,Teen,41943040.0,500000000
290,GAME,4.3,8118609,Everyone,65011712.0,500000000
293,EDUCATION,4.6,10611,Everyone,11534336.0,500000
294,LIFESTYLE,4.1,3309,Everyone,13631488.0,500000
295,AUTO_AND_VEHICLES,4.0,1754,Everyone,14680064.0,500000
296,FOOD_AND_DRINK,4.7,3803,Everyone,15728640.0,500000
297,AUTO_AND_VEHICLES,4.8,7021,Everyone,17825792.0,500000
298,COMMUNICATION,4.1,12578,Everyone,2411724.8,500000
299,BOOKS_AND_REFERENCE,4.6,1435,Everyone,2936012.8,500000
300,BEAUTY,4.4,2280,Everyone,25165824.0,500000
301,HEALTH_AND_FITNESS,4.3,7895,Everyone,3460300.8,500000
303,FINANCE,4.1,4344,Everyone,4718592.0,500000
304,EDUCATION,4.4,390,Everyone,42991616.0,500000
305,DATING,4.2,2506,Mature 17+,6396313.6,500000
306,LIFESTYLE,4.5,10097,Everyone,7864320.0,500000
307,HOUSE_AND_HOME,4.3,4435,Everyone,8283750.4,500000
309,HOUSE_AND_HOME,3.7,2758,Everyone,9017753.6,500000
310,FINANCE,4.6,11066,Everyone,9542041.6,500000
311,ART_AND_DESIGN,4.0,591,Everyone,9856614.4,500000
313,COMMUNICATION,4.3,192948,Everyone,6920601.6,10000000
314,COMMUNICATION,4.0,36901,Everyone,6920601.6,5000000
315,LIFESTYLE,4.3,9412,Everyone,1782579.2,1000000
317,DATING,4.1,6701,Mature 17+,11534336.0,1000000
318,FOOD_AND_DRINK,3.8,22513,Everyone,11534336.0,1000000
319,DATING,3.6,11806,Mature 17+,12582912.0,1000000
320,HOUSE_AND_HOME,3.9,10117,Everyone,13631488.0,1000000
321,FINANCE,4.2,21996,Everyone,14680064.0,1000000
322,GAME,4.4,9305,Everyone,14680064.0,1000000
323,FINANCE,4.6,161440,Everyone,16777216.0,1000000
324,AUTO_AND_VEHICLES,4.6,31433,Everyone,17825792.0,1000000
325,COMMUNICATION,4.2,15287,Everyone,17825792.0,1000000
326,FOOD_AND_DRINK,4.2,8509,Everyone,17825792.0,1000000
327,FOOD_AND_DRINK,4.6,4925,Everyone,17825792.0,1000000
328,AUTO_AND_VEHICLES,4.6,5097,Everyone,19922944.0,1000000
329,BOOKS_AND_REFERENCE,4.4,30105,Everyone,2202009.6,1000000
330,COMMUNICATION,4.1,13100,Everyone,2306867.2,1000000
331,COMICS,4.1,12088,Mature 17+,22020096.0,1000000
332,EDUCATION,4.3,47847,Everyone,22020096.0,1000000
333,HOUSE_AND_HOME,4.1,24977,Everyone,22020096.0,1000000
334,EDUCATION,4.2,6736,Mature 17+,23068672.0,1000000
335,LIFESTYLE,4.4,13213,Everyone,23068672.0,1000000
336,LIFESTYLE,4.8,28588,Everyone,25165824.0,1000000
337,FOOD_AND_DRINK,4.0,43614,Everyone,26214400.0,1000000
338,FINANCE,3.6,15247,Everyone,29360128.0,1000000
339,HEALTH_AND_FITNESS,4.8,51227,Everyone,29360128.0,1000000
340,HEALTH_AND_FITNESS,4.6,48226,Everyone,29360128.0,1000000
342,AUTO_AND_VEHICLES,3.7,4806,Everyone,36700160.0,1000000
343,ENTERTAINMENT,4.7,11661,Everyone,4194304.0,1000000
344,ENTERTAINMENT,4.3,64448,Mature 17+,4613734.4,1000000
345,ENTERTAINMENT,4.0,11656,Everyone,4718592.0,1000000
346,HEALTH_AND_FITNESS,4.3,26652,Everyone,42991616.0,1000000
347,HEALTH_AND_FITNESS,4.4,26540,Everyone,45088768.0,1000000
349,HEALTH_AND_FITNESS,4.6,71269,Everyone,51380224.0,1000000
350,BOOKS_AND_REFERENCE,4.8,116507,Teen,5242880.0,1000000
351,DATING,4.2,22544,Mature 17+,6186598.4,1000000
353,FINANCE,4.1,70782,Everyone,52428800.0,1000000
354,LIFESTYLE,3.2,16168,Everyone,57671680.0,1000000
355,HEALTH_AND_FITNESS,4.1,18539,Everyone,59768832.0,1000000
357,DATING,4.2,40035,Mature 17+,6815744.0,1000000
359,DATING,4.0,51698,Mature 17+,66060288.0,1000000
360,FINANCE,4.5,19870,Everyone,7759462.4,1000000
361,EDUCATION,4.8,256079,Teen,7969177.6,1000000
362,DATING,4.1,97684,Mature 17+,8283750.4,1000000
363,DATING,4.2,57081,Mature 17+,8283750.4,1000000
366,HOUSE_AND_HOME,3.4,3280,Everyone,80740352.0,1000000
367,COMMUNICATION,4.3,37320,Everyone,8808038.4,1000000
368,BUSINESS,3.9,16589,Everyone,9542041.6,1000000
369,HOUSE_AND_HOME,4.3,10054,Everyone,9542041.6,1000000
370,ENTERTAINMENT,4.4,17682,Everyone,10171187.2,1000000
371,DATING,3.5,35,Mature 17+,16777216.0,1000
375,COMICS,5.0,15,Everyone,38797312.0,1000
376,DATING,5.0,5,Mature 17+,4613734.4,1000
377,DATING,4.8,84,Mature 17+,4718592.0,1000
379,DATING,4.2,24,Mature 17+,5138022.4,1000
380,EDUCATION,4.9,11,Everyone,66060288.0,1000
382,COMMUNICATION,4.2,190613,Everyone,11534336.0,10000000
383,LIFESTYLE,4.6,161143,Everyone 10+,11534336.0,10000000
384,HOUSE_AND_HOME,4.5,162243,Everyone,12582912.0,10000000
386,LIFESTYLE,4.4,95557,Everyone,16777216.0,10000000
387,GAME,4.4,74673,Everyone,17825792.0,10000000
388,EDUCATION,4.1,200058,Everyone,18874368.0,10000000
389,FOOD_AND_DRINK,4.7,611136,Everyone,19922944.0,10000000
390,GAME,4.3,42053,Everyone,25165824.0,10000000
391,COMMUNICATION,4.4,136662,Everyone,33554432.0,10000000
392,COMMUNICATION,3.9,40751,Teen,36700160.0,10000000
393,COMMUNICATION,4.4,615381,Mature 17+,38797312.0,10000000
394,GAME,3.8,270687,Teen,39845888.0,10000000
395,GAME,4.5,148897,Everyone,48234496.0,10000000
397,GAME,4.5,461137,Everyone,62914560.0,10000000
398,FOOD_AND_DRINK,3.4,109784,Everyone,67108864.0,10000000
399,GAME,4.4,257724,Everyone 10+,72351744.0,10000000
400,FINANCE,4.2,278082,Everyone,73400320.0,10000000
401,GAME,4.5,655067,Teen,75497472.0,10000000
402,ENTERTAINMENT,4.3,256664,Everyone,80740352.0,10000000
403,COMMUNICATION,4.0,122498,Everyone,80896.0,10000000
404,COMMUNICATION,4.5,349384,Everyone,8598323.2,10000000
405,ART_AND_DESIGN,4.7,158,Everyone,11534336.0,10000
406,BEAUTY,4.8,104,Everyone,12582912.0,10000
407,LIBRARIES_AND_DEMO,4.6,130,Everyone,12582912.0,10000
408,ART_AND_DESIGN,4.2,117,Everyone,15728640.0,10000
409,LIBRARIES_AND_DEMO,4.4,58,Everyone,15728640.0,10000
410,DATING,3.3,149,Mature 17+,16777216.0,10000
411,BEAUTY,4.5,134,Everyone,17825792.0,10000
412,ART_AND_DESIGN,4.1,159,Everyone,19922944.0,10000
414,BEAUTY,4.2,30,Everyone,3040870.4,10000
415,BEAUTY,4.4,74,Everyone,3040870.4,10000
416,BEAUTY,4.1,66,Everyone,3040870.4,10000
417,ART_AND_DESIGN,4.7,121,Everyone,3250585.6,10000
418,BEAUTY,4.2,62,Everyone,3250585.6,10000
420,DATING,4.7,791,Mature 17+,3879731.2,10000
421,DATING,4.7,478,Mature 17+,4718592.0,10000
422,DATING,4.7,158,Mature 17+,4718592.0,10000
423,COMICS,4.5,144,Everyone,4928307.2,10000
424,DATING,4.8,110,Mature 17+,5138022.4,10000
426,DATING,4.6,185,Mature 17+,5242880.0,10000
428,DATING,2.8,80,Teen,5767168.0,10000
431,AUTO_AND_VEHICLES,4.6,534,Everyone,5976883.2,10000
433,COMICS,4.7,3596,Teen,8178892.8,10000
434,COMICS,4.7,73,Everyone,8703180.8,10000
435,DATING,4.1,236,Mature 17+,9227468.8,10000
441,DATING,1.0,1,Mature 17+,9646899.2,10
442,GAME,4.5,14198297,Everyone,54525952.0,100000000
445,GAME,4.5,5465624,Teen,55574528.0,100000000
446,GAME,4.5,3197865,Everyone,85983232.0,100000000
447,AUTO_AND_VEHICLES,3.2,250,Everyone,1153433.6,100000
448,ART_AND_DESIGN,4.5,176,Everyone,10485760.0,100000
449,COMICS,3.9,2181,Teen,10485760.0,100000
450,FOOD_AND_DRINK,4.6,1398,Everyone 10+,10485760.0,100000
451,ART_AND_DESIGN,4.1,654,Everyone,12582912.0,100000
452,BOOKS_AND_REFERENCE,4.2,860,Everyone,13631488.0,100000
453,HOUSE_AND_HOME,4.5,7619,Everyone,13631488.0,100000
454,LIFESTYLE,4.2,3448,Everyone,13631488.0,100000
455,LIFESTYLE,4.4,3114,Everyone,13631488.0,100000
456,BEAUTY,4.6,4369,Everyone,14680064.0,100000
457,LIFESTYLE,4.5,3346,Teen,14680064.0,100000
458,HOUSE_AND_HOME,3.8,491,Everyone,15728640.0,100000
459,LIFESTYLE,4.7,2225,Everyone,15728640.0,100000
460,EDUCATION,4.2,3241,Everyone,16777216.0,100000
461,FOOD_AND_DRINK,4.5,454,Everyone,16777216.0,100000
462,FOOD_AND_DRINK,4.0,1077,Everyone,17825792.0,100000
463,EDUCATION,4.3,423,Everyone,22020096.0,100000
464,LIBRARIES_AND_DEMO,4.5,1703,Everyone,23068672.0,100000
465,AUTO_AND_VEHICLES,4.2,367,Everyone,26214400.0,100000
466,DATING,3.8,5164,Mature 17+,26214400.0,100000
469,HOUSE_AND_HOME,4.0,4281,Everyone,28311552.0,100000
470,BUSINESS,4.6,822,Everyone,3250585.6,100000
471,BOOKS_AND_REFERENCE,4.4,1322,Everyone,3670016.0,100000
473,BOOKS_AND_REFERENCE,3.4,1680,Everyone,4194304.0,100000
474,DATING,4.1,2212,Mature 17+,42991616.0,100000
476,AUTO_AND_VEHICLES,4.3,138,Everyone,5662310.4,100000
477,ART_AND_DESIGN,4.1,203,Everyone,6396313.6,100000
478,BEAUTY,4.0,364,Everyone,6710886.4,100000
479,LIBRARIES_AND_DEMO,4.3,1465,Everyone,7340032.0,100000
480,COMICS,3.2,1446,Mature 17+,7444889.6,100000
481,BUSINESS,4.7,4162,Everyone,7864320.0,100000
482,FOOD_AND_DRINK,4.7,2707,Everyone,9332326.4,100000
483,ART_AND_DESIGN,4.2,1120,Everyone,9646899.2,100000
484,EVENTS,4.0,3782,Everyone,9961472.0,100000
485,LIBRARIES_AND_DEMO,4.5,399,Everyone,9961472.0,100000
487,DATING,3.0,2,Mature 17+,16777216.0,100
489,DATING,4.7,6,Mature 17+,5138022.4,100
491,DATING,5.0,6,Mature 17+,5242880.0,100
493,DATING,5.0,5,Mature 17+,5242880.0,100
494,DATING,4.3,6,Mature 17+,9437184.0,100
495,GAME,4.5,531458,Everyone,104857600.0,5000000
496,COMMUNICATION,4.2,104990,Everyone,10485760.0,5000000
497,FINANCE,4.0,48445,Everyone,10485760.0,5000000
498,BUSINESS,4.0,8941,Everyone,12582912.0,5000000
499,COMICS,3.2,93965,Teen,15728640.0,5000000
500,HEALTH_AND_FITNESS,4.5,121838,Everyone,15728640.0,5000000
501,ENTERTAINMENT,4.6,50725,Everyone,19922944.0,5000000
502,BUSINESS,4.3,29313,Everyone,20971520.0,5000000
504,COMMUNICATION,4.2,33053,Everyone,23068672.0,5000000
505,GAME,4.3,18985,Everyone,24117248.0,5000000
506,COMMUNICATION,4.6,191032,Everyone,27262976.0,5000000
507,HEALTH_AND_FITNESS,4.5,60096,Teen,28311552.0,5000000
508,LIFESTYLE,4.4,39364,Everyone,29360128.0,5000000
509,AUTO_AND_VEHICLES,4.8,116986,Everyone,36700160.0,5000000
510,ART_AND_DESIGN,4.3,194216,Everyone,40894464.0,5000000
511,COMMUNICATION,4.2,88427,Everyone,5347737.6,5000000
512,ENTERTAINMENT,4.2,10291,Teen,6815744.0,5000000
513,AUTO_AND_VEHICLES,4.2,52530,Everyone,7340032.0,5000000
514,HOUSE_AND_HOME,4.1,65913,Everyone,8074035.2,5000000
515,HEALTH_AND_FITNESS,4.6,109756,Everyone,81788928.0,5000000
516,ART_AND_DESIGN,4.7,87510,Everyone,9122611.2,5000000
518,BEAUTY,4.3,18,Everyone,3355443.2,5000
519,COMICS,3.3,125,Teen,4928307.2,5000
520,DATING,4.8,125,Mature 17+,4928307.2,5000
522,DATING,4.9,776,Mature 17+,5138022.4,5000
525,GAME,4.5,946926,Everyone,59768832.0,50000000
527,BUSINESS,4.1,308,Everyone,14680064.0,50000
528,ART_AND_DESIGN,3.8,178,Everyone,19922944.0,50000
529,COMICS,4.4,1006,Everyone,19922944.0,50000
530,LIFESTYLE,4.2,894,Everyone,26214400.0,50000
531,DATING,3.9,742,Mature 17+,27262976.0,50000
532,EVENTS,3.7,100,Everyone,28311552.0,50000
533,DATING,4.8,5323,Mature 17+,3670016.0,50000
534,BEAUTY,4.1,187,Teen,31457280.0,50000
535,BEAUTY,4.4,75,Everyone,4404019.2,50000
536,BEAUTY,4.7,257,Everyone,4823449.6,50000
537,HEALTH_AND_FITNESS,4.6,623,Everyone 10+,41943040.0,50000
538,HOUSE_AND_HOME,4.3,273,Everyone,7340032.0,50000
539,HEALTH_AND_FITNESS,3.5,217,Teen,9856614.4,50000
541,LIBRARIES_AND_DEMO,4.3,411,Everyone,99614720.0,50000
542,LIBRARIES_AND_DEMO,4.6,539,Everyone,103809024.0,50000
544,ART_AND_DESIGN,3.9,967,Everyone,14680064.0,500000
545,BOOKS_AND_REFERENCE,4.6,4620,Everyone,19922944.0,500000
546,DATING,2.5,5377,Mature 17+,19922944.0,500000
548,AUTO_AND_VEHICLES,4.4,2680,Everyone,2306867.2,500000
549,BEAUTY,3.9,1739,Everyone,22020096.0,500000
550,BEAUTY,3.9,2277,Everyone,23068672.0,500000
551,LIBRARIES_AND_DEMO,4.4,7396,Everyone,23068672.0,500000
552,HEALTH_AND_FITNESS,4.0,2894,Everyone 10+,24117248.0,500000
553,LIFESTYLE,4.7,20304,Everyone,25165824.0,500000
555,ART_AND_DESIGN,4.7,20260,Everyone,26214400.0,500000
556,COMICS,4.7,2249,Everyone,33554432.0,500000
557,ART_AND_DESIGN,4.7,7699,Everyone 10+,4404019.2,500000
558,DATING,4.1,17268,Mature 17+,41943040.0,500000
560,HEALTH_AND_FITNESS,4.5,7976,Everyone,46137344.0,500000
561,BUSINESS,4.6,4159,Everyone,50331648.0,500000
563,DATING,4.0,13440,Mature 17+,51380224.0,500000
564,EDUCATION,4.8,4075,Everyone,5347737.6,500000
565,HEALTH_AND_FITNESS,4.4,465,Everyone,6710886.4,500000
566,HEALTH_AND_FITNESS,4.1,2681,Everyone,6815744.0,500000
567,BOOKS_AND_REFERENCE,4.7,967,Everyone,7025459.2,500000
568,BOOKS_AND_REFERENCE,4.5,26875,Everyone,76546048.0,500000
569,DATING,4.4,41605,Mature 17+,8493465.6,500000
570,FOOD_AND_DRINK,3.8,3320,Everyone,8808038.4,500000
571,HEALTH_AND_FITNESS,4.5,14394,Everyone,10380902.4,500000
572,DATING,4.4,28,Everyone,3565158.4,500
575,DATING,4.8,20,Mature 17+,5138022.4,500
576,DATING,4.7,18,Mature 17+,5242880.0,500
577,DATING,3.0,1,Mature 17+,5767168.0,500
580,DATING,5.0,5,Teen,9751756.8,500
581,GAME,4.5,27722264,Everyone 10+,79691776.0,1000000000
584,EDUCATION,4.6,32381,Everyone 10+,10485760.0,1000000
586,FINANCE,4.2,6148,Everyone,10485760.0,1000000
587,FINANCE,4.3,25166,Everyone,11534336.0,1000000
588,HEALTH_AND_FITNESS,4.7,50294,Everyone,11534336.0,1000000
589,EVENTS,4.0,20611,Teen,12582912.0,1000000
590,DATING,3.5,1972,Mature 17+,13631488.0,1000000
591,EDUCATION,4.1,16103,Everyone,13631488.0,1000000
592,ENTERTAINMENT,4.5,12216,Teen,13631488.0,1000000
593,FOOD_AND_DRINK,4.6,32997,Everyone,13631488.0,1000000
594,HEALTH_AND_FITNESS,4.3,4848,Everyone,13631488.0,1000000
595,LIFESTYLE,4.5,7457,Teen,13631488.0,1000000
596,LIFESTYLE,4.1,49147,Everyone,13631488.0,1000000
597,BEAUTY,4.9,49790,Everyone,14680064.0,1000000
598,BUSINESS,4.1,6903,Everyone,14680064.0,1000000
599,EDUCATION,4.3,55704,Everyone,15728640.0,1000000
600,ENTERTAINMENT,4.4,37000,Mature 17+,15728640.0,1000000
601,BUSINESS,3.9,45964,Everyone,16777216.0,1000000
602,BOOKS_AND_REFERENCE,4.3,17506,Everyone,17825792.0,1000000
603,EDUCATION,4.2,8599,Everyone,17825792.0,1000000
605,ENTERTAINMENT,4.5,23063,Everyone,17825792.0,1000000
606,COMMUNICATION,3.6,20769,Everyone,18874368.0,1000000
607,EDUCATION,4.5,10852,Everyone,18874368.0,1000000
608,HEALTH_AND_FITNESS,4.6,24094,Everyone,18874368.0,1000000
610,HOUSE_AND_HOME,4.0,6000,Everyone,18874368.0,1000000
611,BOOKS_AND_REFERENCE,3.3,1862,Everyone,19922944.0,1000000
612,BUSINESS,4.2,46505,Everyone,19922944.0,1000000
614,LIFESTYLE,3.9,7376,Everyone,19922944.0,1000000
615,FINANCE,4.7,167168,Everyone,20971520.0,1000000
616,BOOKS_AND_REFERENCE,4.8,47303,Everyone,22020096.0,1000000
617,DATING,4.4,222888,Mature 17+,22020096.0,1000000
619,FINANCE,4.4,42809,Everyone,24117248.0,1000000
620,FINANCE,4.3,14627,Everyone,24117248.0,1000000
621,LIFESTYLE,4.4,3829,Everyone,24117248.0,1000000
622,COMICS,4.7,57106,Teen,28311552.0,1000000
623,ART_AND_DESIGN,4.4,13880,Everyone,29360128.0,1000000
624,BUSINESS,4.2,16422,Everyone,29360128.0,1000000
626,HEALTH_AND_FITNESS,4.6,20326,Teen,29360128.0,1000000
627,DATING,4.4,12632,Mature 17+,30408704.0,1000000
630,LIFESTYLE,4.2,10944,Everyone,37748736.0,1000000
631,EDUCATION,4.6,56065,Everyone,38797312.0,1000000
632,AUTO_AND_VEHICLES,4.9,197136,Everyone,39845888.0,1000000
633,DATING,4.1,15081,Mature 17+,39845888.0,1000000
634,FINANCE,4.1,15192,Everyone,39845888.0,1000000
635,FINANCE,4.5,64959,Everyone,40894464.0,1000000
636,FOOD_AND_DRINK,3.6,14952,Everyone,40894464.0,1000000
637,FINANCE,4.4,43313,Everyone,41943040.0,1000000
638,BUSINESS,4.3,23175,Everyone,42991616.0,1000000
641,HEALTH_AND_FITNESS,4.4,57634,Everyone,42991616.0,1000000
642,COMMUNICATION,4.6,183374,Everyone,46137344.0,1000000
643,DATING,4.3,37053,Mature 17+,46137344.0,1000000
644,LIFESTYLE,4.5,10544,Everyone,46137344.0,1000000
645,FINANCE,3.6,10697,Everyone,48234496.0,1000000
646,EDUCATION,4.6,37862,Everyone,5662310.4,1000000
648,HEALTH_AND_FITNESS,4.4,20547,Everyone,5976883.2,1000000
650,GAME,4.1,15763,Everyone,56623104.0,1000000
651,AUTO_AND_VEHICLES,4.0,1598,Everyone,58720256.0,1000000
652,HEALTH_AND_FITNESS,4.5,27393,Mature 17+,61865984.0,1000000
655,DATING,3.5,13202,Mature 17+,6396313.6,1000000
657,HEALTH_AND_FITNESS,4.7,15674,Everyone,6396313.6,1000000
658,EDUCATION,4.6,75112,Everyone,6815744.0,1000000
659,HEALTH_AND_FITNESS,4.8,31139,Everyone,7235174.4,1000000
660,GAME,4.6,48256,Everyone,65011712.0,1000000
661,COMMUNICATION,4.1,20901,Everyone,7654604.8,1000000
662,AUTO_AND_VEHICLES,4.3,38846,Everyone,9017753.6,1000000
663,GAME,4.5,29940,Everyone,83886080.0,1000000
664,EDUCATION,4.4,56897,Everyone,101711872.0,1000000
667,EDUCATION,4.7,21,Everyone,46137344.0,1000
668,EVENTS,4.8,28,Everyone,6606028.8,1000
669,DATING,4.5,212626,Mature 17+,11534336.0,10000000
671,ENTERTAINMENT,4.3,296771,Teen,11534336.0,10000000
674,ENTERTAINMENT,3.8,92058,Teen,12582912.0,10000000
676,ENTERTAINMENT,4.5,235496,Everyone,13631488.0,10000000
677,BUSINESS,4.5,103755,Everyone,14680064.0,10000000
679,DATING,4.1,285726,Mature 17+,15728640.0,10000000
681,COMMUNICATION,4.3,125257,Teen,17825792.0,10000000
682,BUSINESS,4.4,62272,Everyone,18874368.0,10000000
683,EDUCATION,4.6,181893,Everyone 10+,18874368.0,10000000
686,ART_AND_DESIGN,4.2,44829,Teen,20971520.0,10000000
687,COMMUNICATION,4.4,483565,Everyone,20971520.0,10000000
688,ENTERTAINMENT,4.5,736864,Teen,20971520.0,10000000
689,HEALTH_AND_FITNESS,4.8,570242,Everyone,20971520.0,10000000
690,DATING,4.2,243950,Mature 17+,22020096.0,10000000
691,GAME,4.7,254258,Everyone,24117248.0,10000000
692,ART_AND_DESIGN,4.7,174531,Everyone,25165824.0,10000000
693,HEALTH_AND_FITNESS,4.6,548021,Everyone,28311552.0,10000000
694,COMMUNICATION,4.4,552441,Everyone,30408704.0,10000000
695,FOOD_AND_DRINK,4.4,321134,Everyone,31457280.0,10000000
696,ART_AND_DESIGN,4.6,224399,Everyone,32505856.0,10000000
697,GAME,4.6,101686,Everyone,32505856.0,10000000
698,ENTERTAINMENT,3.8,87723,Teen,33554432.0,10000000
699,FINANCE,4.5,381788,Everyone,33554432.0,10000000
700,LIFESTYLE,4.3,95904,Everyone,34603008.0,10000000
702,FINANCE,4.5,1336246,Everyone,40894464.0,10000000
703,LIFESTYLE,4.6,815893,Everyone,4613734.4,10000000
704,GAME,4.4,98123,Teen,41943040.0,10000000
705,GAME,4.3,118253,Teen,41943040.0,10000000
706,COMMUNICATION,3.9,13698,Everyone,5347737.6,10000000
707,LIBRARIES_AND_DEMO,4.2,130272,Everyone,52428800.0,10000000
708,EDUCATION,4.4,148550,Everyone,61865984.0,10000000
710,HEALTH_AND_FITNESS,4.7,117925,Everyone,7340032.0,10000000
711,BOOKS_AND_REFERENCE,4.1,363934,Everyone,7444889.6,10000000
712,GAME,4.1,84911,Everyone,74448896.0,10000000
713,GAME,4.2,46416,Everyone,76546048.0,10000000
714,GAME,4.7,990491,Everyone,78643200.0,10000000
716,GAME,3.4,148177,Everyone,81788928.0,10000000
717,GAME,4.1,68057,Everyone,89128960.0,10000000
718,GAME,4.2,145353,Teen,89128960.0,10000000
719,GAME,4.8,230710,Everyone,91226112.0,10000000
722,COMICS,4.4,757,Teen,10485760.0,10000
723,ART_AND_DESIGN,4.2,26,Everyone,12582912.0,10000
724,DATING,2.9,53,Mature 17+,14680064.0,10000
725,DATING,3.7,101,Mature 17+,15728640.0,10000
726,BEAUTY,4.6,184,Everyone,22020096.0,10000
727,DATING,4.4,667,Mature 17+,28311552.0,10000
728,DATING,4.0,738,Mature 17+,28311552.0,10000
729,DATING,3.6,143,Mature 17+,28311552.0,10000
730,DATING,4.4,218,Mature 17+,28311552.0,10000
732,DATING,4.4,198,Mature 17+,29360128.0,10000
733,ART_AND_DESIGN,4.7,353,Teen,4404019.2,10000
735,HOUSE_AND_HOME,4.7,114,Teen,8703180.8,10000
738,GAME,4.5,6074334,Teen,104857600.0,100000000
739,GAME,4.3,1295557,Everyone,11534336.0,100000000
741,GAME,4.2,1497361,Everyone,34603008.0,100000000
744,BUSINESS,4.3,1002861,Everyone,36700160.0,100000000
746,GAME,4.5,1385093,Everyone,36700160.0,100000000
747,GAME,4.2,685981,Everyone,38797312.0,100000000
748,GAME,4.4,2610526,Everyone,48234496.0,100000000
750,GAME,4.4,2123381,Everyone,51380224.0,100000000
751,ENTERTAINMENT,3.7,1828284,Everyone,54525952.0,100000000
752,GAME,4.5,5387639,Everyone,55574528.0,100000000
753,ENTERTAINMENT,4.3,1633682,Everyone,59768832.0,100000000
754,GAME,4.5,4447388,Everyone 10+,70254592.0,100000000
755,GAME,4.4,6198563,Everyone,70254592.0,100000000
759,GAME,4.4,4066989,Everyone 10+,72351744.0,100000000
761,GAME,4.5,3778921,Everyone,78643200.0,100000000
762,GAME,4.6,2698348,Everyone,81788928.0,100000000
763,GAME,4.5,6427773,Everyone,99614720.0,100000000
764,GAME,4.6,23133508,Everyone 10+,101711872.0,100000000
765,GAME,4.4,5566669,Everyone,101711872.0,100000000
768,GAME,4.6,44891723,Everyone 10+,102760448.0,100000000
770,GAME,4.5,9881829,Everyone,103809024.0,100000000
772,ART_AND_DESIGN,3.8,2206,Everyone,1258291.2,100000
773,ART_AND_DESIGN,4.2,1015,Everyone,11534336.0,100000
774,EDUCATION,4.5,756,Everyone,12582912.0,100000
775,ENTERTAINMENT,4.3,1511,Everyone,12582912.0,100000
776,ART_AND_DESIGN,4.0,450,Everyone,14680064.0,100000
777,DATING,3.5,894,Mature 17+,14680064.0,100000
778,HEALTH_AND_FITNESS,4.4,11506,Everyone,15728640.0,100000
780,COMMUNICATION,4.4,2939,Everyone,17825792.0,100000
781,AUTO_AND_VEHICLES,4.5,994,Everyone,3040870.4,100000
782,FINANCE,4.5,8188,Everyone,23068672.0,100000
784,FOOD_AND_DRINK,4.4,1962,Everyone,23068672.0,100000
785,BUSINESS,4.4,1225,Everyone,26214400.0,100000
786,ART_AND_DESIGN,4.6,1070,Everyone,27262976.0,100000
787,DATING,3.9,852,Mature 17+,28311552.0,100000
789,DATING,4.1,535,Mature 17+,29360128.0,100000
791,EDUCATION,4.3,1516,Everyone,4089446.4,100000
792,AUTO_AND_VEHICLES,4.3,542,Everyone,34603008.0,100000
793,AUTO_AND_VEHICLES,3.9,129,Everyone,36700160.0,100000
794,DATING,4.2,5152,Mature 17+,39845888.0,100000
795,BOOKS_AND_REFERENCE,4.5,418,Everyone,4404019.2,100000
796,COMICS,4.7,1677,Everyone,41943040.0,100000
797,HEALTH_AND_FITNESS,4.6,4642,Everyone,41943040.0,100000
798,FOOD_AND_DRINK,3.7,731,Everyone,45088768.0,100000
799,DATING,4.1,923,Mature 17+,46137344.0,100000
800,HEALTH_AND_FITNESS,4.5,644,Everyone,5767168.0,100000
801,DATING,2.5,277,Mature 17+,5976883.2,100000
802,ENTERTAINMENT,4.6,3771,Mature 17+,55574528.0,100000
803,AUTO_AND_VEHICLES,4.2,129,Everyone,56623104.0,100000
804,DATING,4.1,2556,Mature 17+,58720256.0,100000
807,AUTO_AND_VEHICLES,3.8,284,Everyone,59768832.0,100000
808,EVENTS,4.4,663,Everyone,6291456.0,100000
809,COMICS,4.5,314,Everyone,6396313.6,100000
810,HEALTH_AND_FITNESS,4.7,2071,Everyone,7235174.4,100000
812,HEALTH_AND_FITNESS,4.6,2880,Everyone,7444889.6,100000
814,AUTO_AND_VEHICLES,4.5,3617,Everyone,8283750.4,100000
815,ART_AND_DESIGN,4.2,85,Everyone,8388608.0,100000
816,BUSINESS,4.5,3079,Everyone,8912896.0,100000
818,BUSINESS,4.6,5800,Everyone,9017753.6,100000
820,AUTO_AND_VEHICLES,4.5,737,Everyone,9332326.4,100000
821,EVENTS,4.4,464,Everyone,9332326.4,100000
822,EVENTS,4.5,1065,Everyone,9437184.0,100000
823,ART_AND_DESIGN,3.8,564,Everyone,9646899.2,100000
824,HEALTH_AND_FITNESS,4.5,706,Everyone,9856614.4,100000
825,DATING,4.2,5084,Mature 17+,10066329.6,100000
826,ENTERTAINMENT,4.2,2442,Teen,10066329.6,100000
827,BEAUTY,4.7,1150,Everyone,10276044.8,100000
828,HEALTH_AND_FITNESS,4.3,5499,Everyone,98566144.0,100000
831,DATING,5.0,3,Mature 17+,26214400.0,100
833,COMMUNICATION,4.4,93825,Everyone,11534336.0,5000000
834,DATING,4.5,61637,Mature 17+,11534336.0,5000000
836,FOOD_AND_DRINK,4.1,32405,Everyone,12582912.0,5000000
837,EDUCATION,4.6,172640,Everyone,14680064.0,5000000
838,COMMUNICATION,4.3,30209,Everyone,15728640.0,5000000
839,COMMUNICATION,4.5,205739,Everyone,17825792.0,5000000
840,ENTERTAINMENT,4.1,58028,Teen,17825792.0,5000000
841,FOOD_AND_DRINK,4.3,37517,Everyone,17825792.0,5000000
842,ENTERTAINMENT,4.2,32458,Everyone,18874368.0,5000000
843,EDUCATION,4.6,85375,Everyone,22020096.0,5000000
846,BOOKS_AND_REFERENCE,4.1,91615,Mature 17+,24117248.0,5000000
847,HEALTH_AND_FITNESS,4.4,70416,Everyone,24117248.0,5000000
848,GAME,4.7,141529,Everyone 10+,25165824.0,5000000
849,HOUSE_AND_HOME,4.4,23013,Everyone,27262976.0,5000000
850,EDUCATION,4.7,254519,Everyone,28311552.0,5000000
851,LIFESTYLE,4.1,78298,Everyone,30408704.0,5000000
852,HEALTH_AND_FITNESS,4.6,205299,Everyone,32505856.0,5000000
854,LIFESTYLE,4.1,18968,Teen,33554432.0,5000000
855,GAME,4.2,70226,Everyone,39845888.0,5000000
856,EDUCATION,4.4,84309,Everyone,42991616.0,5000000
858,DATING,3.1,31320,Mature 17+,55574528.0,5000000
859,BUSINESS,4.2,30847,Everyone,57671680.0,5000000
860,HEALTH_AND_FITNESS,4.2,270267,Everyone,60817408.0,5000000
863,EDUCATION,4.7,142632,Everyone,7235174.4,5000000
864,FINANCE,4.6,87951,Everyone,71303168.0,5000000
865,DATING,4.5,182986,Mature 17+,80740352.0,5000000
867,FINANCE,4.2,112656,Everyone,97517568.0,5000000
869,DATING,4.7,14,Mature 17+,22020096.0,5000
870,ENTERTAINMENT,4.2,411683,Teen,25165824.0,50000000
871,GAME,4.2,369203,Everyone,25165824.0,50000000
872,GAME,4.6,4578476,Everyone 10+,25165824.0,50000000
873,ENTERTAINMENT,4.2,613059,Everyone,26214400.0,50000000
874,GAME,4.2,422244,Teen,33554432.0,50000000
875,GAME,4.2,360630,Everyone,41943040.0,50000000
876,ENTERTAINMENT,4.2,702975,Everyone,51380224.0,50000000
877,COMICS,4.1,1010,Mature 17+,11534336.0,50000
878,FOOD_AND_DRINK,3.7,61,Everyone,11534336.0,50000
879,FOOD_AND_DRINK,4.8,1250,Everyone,13631488.0,50000
880,BUSINESS,4.2,296,Everyone,14680064.0,50000
882,COMICS,3.9,834,Mature 17+,15728640.0,50000
883,ART_AND_DESIGN,4.7,118,Everyone,24117248.0,50000
885,EVENTS,4.5,2153,Everyone,6186598.4,50000
886,HEALTH_AND_FITNESS,4.6,199,Everyone,9227468.8,50000
890,GAME,4.4,22426677,Everyone,77594624.0,500000000
893,HOUSE_AND_HOME,4.6,2669,Teen,10485760.0,500000
894,FINANCE,4.4,5950,Everyone,12582912.0,500000
895,LIFESTYLE,4.1,6808,Teen,12582912.0,500000
897,DATING,4.6,13046,Mature 17+,13631488.0,500000
898,DATING,3.9,8722,Mature 17+,13631488.0,500000
899,DATING,4.3,2430,Mature 17+,13631488.0,500000
903,DATING,4.4,7888,Mature 17+,15728640.0,500000
904,BUSINESS,3.8,5868,Everyone,20971520.0,500000
906,HEALTH_AND_FITNESS,4.6,5420,Everyone,22020096.0,500000
907,DATING,4.1,11633,Mature 17+,24117248.0,500000
909,DATING,4.0,6191,Mature 17+,28311552.0,500000
910,DATING,3.3,1601,Mature 17+,3984588.8,500000
911,BUSINESS,4.5,4458,Everyone,4089446.4,500000
912,HEALTH_AND_FITNESS,4.5,6238,Everyone,4089446.4,500000
913,DATING,3.9,1643,Mature 17+,32505856.0,500000
915,FINANCE,4.6,16961,Everyone,33554432.0,500000
916,HOUSE_AND_HOME,4.4,6896,Everyone,36700160.0,500000
917,COMICS,4.5,9952,Everyone 10+,39845888.0,500000
918,HEALTH_AND_FITNESS,4.5,9116,Everyone,4194304.0,500000
919,COMICS,4.6,24005,Adults only 18+,5138022.4,500000
920,ART_AND_DESIGN,4.7,3632,Everyone,5767168.0,500000
921,BEAUTY,4.2,2225,Everyone,54525952.0,500000
922,DATING,3.6,3414,Mature 17+,6501171.2,500000
923,EVENTS,4.5,7074,Everyone,6606028.8,500000
924,FOOD_AND_DRINK,4.7,14065,Everyone,7444889.6,500000
925,LIFESTYLE,3.8,6554,Teen,79691776.0,500000
926,LIBRARIES_AND_DEMO,3.2,1919,Everyone,8493465.6,500000
927,DATING,4.3,23170,Mature 17+,9437184.0,500000
928,HOUSE_AND_HOME,3.6,4087,Everyone,9646899.2,500000
929,DATING,3.4,5,Mature 17+,14680064.0,500
930,COMICS,4.2,15194,Teen,15728640.0,1000000
931,DATING,4.1,4953,Teen,15728640.0,1000000
933,HOUSE_AND_HOME,4.2,7573,Everyone,18874368.0,1000000
934,FINANCE,4.5,78361,Everyone,23068672.0,1000000
935,FINANCE,4.2,11264,Everyone,25165824.0,1000000
936,EDUCATION,4.9,133136,Everyone,27262976.0,1000000
937,ART_AND_DESIGN,4.1,36815,Everyone,30408704.0,1000000
938,AUTO_AND_VEHICLES,4.4,15168,Everyone,38797312.0,1000000
939,HEALTH_AND_FITNESS,4.4,12029,Everyone,4508876.8,1000000
940,ENTERTAINMENT,4.4,46916,Everyone,4718592.0,1000000
941,FOOD_AND_DRINK,3.5,10741,Everyone,42991616.0,1000000
942,FINANCE,4.0,12073,Everyone,44040192.0,1000000
943,FINANCE,4.6,23130,Everyone,48234496.0,1000000
944,BOOKS_AND_REFERENCE,4.4,51269,Everyone,6396313.6,1000000
945,LIFESTYLE,4.0,6676,Everyone,6501171.2,1000000
946,EVENTS,4.8,12,Everyone 10+,30408704.0,1000
948,HEALTH_AND_FITNESS,4.9,272337,Everyone,13631488.0,10000000
949,FOOD_AND_DRINK,4.0,292969,Everyone,16777216.0,10000000
950,COMMUNICATION,4.1,132014,Everyone,26214400.0,10000000
951,ENTERTAINMENT,4.6,22508,Everyone,3460300.8,10000000
952,BOOKS_AND_REFERENCE,4.4,341157,Everyone 10+,31457280.0,10000000
953,HEALTH_AND_FITNESS,4.6,77563,Everyone,40894464.0,10000000
955,FINANCE,4.2,957973,Everyone,41943040.0,10000000
956,BUSINESS,4.4,380837,Everyone,7654604.8,10000000
957,FOOD_AND_DRINK,4.5,131569,Everyone,8598323.2,10000000
958,EVENTS,4.6,99,Everyone,13631488.0,10000
959,DATING,4.0,187,Mature 17+,19922944.0,10000
960,COMICS,4.4,39,Everyone 10+,4508876.8,10000
961,ENTERTAINMENT,4.3,303,Teen,46137344.0,10000
962,LIBRARIES_AND_DEMO,4.3,6,Everyone,5767168.0,10000
964,GAME,4.4,8923587,Everyone,66060288.0,100000000
965,EVENTS,4.6,3874,Everyone,14680064.0,100000
966,AUTO_AND_VEHICLES,4.9,7774,Everyone,17825792.0,100000
967,DATING,4.2,1059,Mature 17+,18874368.0,100000
968,DATING,3.3,1157,Mature 17+,22020096.0,100000
970,BUSINESS,4.1,1802,Everyone,27262976.0,100000
972,AUTO_AND_VEHICLES,4.9,6090,Everyone,28311552.0,100000
973,DATING,3.5,1093,Mature 17+,6081740.8,100000
974,DATING,3.4,1999,Mature 17+,8388608.0,100000
975,EVENTS,4.6,573,Everyone,9122611.2,100000
976,ENTERTAINMENT,3.9,2646,Teen,9542041.6,100000
977,HEALTH_AND_FITNESS,4.9,38098,Everyone,11534336.0,5000000
978,FINANCE,3.8,42644,Everyone,19922944.0,5000000
979,ART_AND_DESIGN,3.2,55,Everyone,2831155.2,5000
980,LIFESTYLE,4.4,33,Everyone,24117248.0,5000
982,ART_AND_DESIGN,4.5,215644,Teen,26214400.0,50000000
984,DATING,3.7,1439,Mature 17+,39845888.0,50000
985,BEAUTY,4.7,964,Everyone,9437184.0,50000
986,HEALTH_AND_FITNESS,4.9,28945,Teen,12582912.0,500000
987,AUTO_AND_VEHICLES,3.6,1379,Everyone,16777216.0,500000
988,EDUCATION,4.0,4815,Everyone,19922944.0,500000
990,DATING,3.4,13890,Mature 17+,20971520.0,500000
991,HEALTH_AND_FITNESS,4.6,4102,Everyone 10+,25165824.0,500000
992,HOUSE_AND_HOME,4.3,3834,Everyone,31457280.0,500000
993,FINANCE,4.2,6076,Everyone,33554432.0,500000
994,EDUCATION,4.0,889,Everyone,7759462.4,500000
995,EVENTS,4.6,7,Teen,3984588.8,500
996,LIFESTYLE,4.6,34782,Everyone,12582912.0,1000000
998,HEALTH_AND_FITNESS,4.6,20301,Everyone,23068672.0,1000000
999,ENTERTAINMENT,4.1,29690,Teen,81788928.0,1000000
1000,GAME,4.7,1125017,Everyone,26214400.0,10000000
1001,BUSINESS,4.4,108741,Everyone,29360128.0,10000000
1002,HEALTH_AND_FITNESS,4.6,1026,Everyone,30408704.0,10000
1003,DATING,4.0,337,Mature 17+,33554432.0,10000
1005,ENTERTAINMENT,3.9,801,Teen,59768832.0,100000
1006,LIFESTYLE,3.8,1797,Everyone,7130316.8,100000
1010,COMMUNICATION,3.7,25021,Everyone,63963136.0,5000000
1011,DATING,4.4,59,Everyone,39845888.0,5000
1013,GAME,4.4,3715656,Teen,37748736.0,50000000
1015,GAME,4.7,7196,Everyone,39845888.0,500000
1016,COMICS,3.7,22551,Teen,11534336.0,1000000
1017,EDUCATION,4.4,54798,Everyone,11534336.0,1000000
1018,ENTERTAINMENT,3.8,35279,Teen,15728640.0,1000000
1020,LIFESTYLE,4.6,69177,Teen,15728640.0,1000000
1021,HOUSE_AND_HOME,4.3,22584,Everyone,16777216.0,1000000
1023,ENTERTAINMENT,4.1,27424,Teen,17825792.0,1000000
1026,AUTO_AND_VEHICLES,3.7,5414,Everyone,18874368.0,1000000
1027,EDUCATION,4.6,7973,Everyone,18874368.0,1000000
1028,FOOD_AND_DRINK,3.4,6507,Everyone,18874368.0,1000000
1029,EDUCATION,4.3,3168,Everyone,19922944.0,1000000
1030,ENTERTAINMENT,4.0,29706,Teen,19922944.0,1000000
1031,ENTERTAINMENT,4.2,14807,Teen,19922944.0,1000000
1032,ENTERTAINMENT,4.0,35928,Teen,19922944.0,1000000
1033,ENTERTAINMENT,3.9,22378,Teen,19922944.0,1000000
1037,ENTERTAINMENT,3.9,8674,Teen,19922944.0,1000000
1043,LIFESTYLE,3.3,9663,Everyone,19922944.0,1000000
1044,ENTERTAINMENT,4.1,33387,Teen,20971520.0,1000000
1047,EDUCATION,4.3,14700,Everyone,22020096.0,1000000
1048,LIFESTYLE,3.5,7869,Everyone,22020096.0,1000000
1049,BUSINESS,4.5,78662,Everyone,23068672.0,1000000
1051,ENTERTAINMENT,4.2,155234,Teen,23068672.0,1000000
1052,FINANCE,4.5,46106,Everyone,23068672.0,1000000
1053,FINANCE,4.2,11919,Everyone,24117248.0,1000000
1054,FOOD_AND_DRINK,4.5,91359,Everyone,28311552.0,1000000
1055,COMICS,4.5,29839,Teen,30408704.0,1000000
1056,GAME,4.7,21262,Everyone,30408704.0,1000000
1057,HEALTH_AND_FITNESS,4.3,16943,Everyone,33554432.0,1000000
1058,ENTERTAINMENT,4.2,8968,Everyone,36700160.0,1000000
1059,LIFESTYLE,4.3,33572,Everyone,38797312.0,1000000
1060,HEALTH_AND_FITNESS,4.5,50679,Everyone,39845888.0,1000000
1061,DATING,4.0,48845,Mature 17+,41943040.0,1000000
1063,HOUSE_AND_HOME,4.3,37711,Everyone,41943040.0,1000000
1064,FOOD_AND_DRINK,3.8,21314,Everyone,42991616.0,1000000
1065,FOOD_AND_DRINK,4.3,19314,Everyone,45088768.0,1000000
1066,FINANCE,4.2,15993,Everyone,47185920.0,1000000
1067,DATING,3.9,10212,Mature 17+,5242880.0,1000000
1069,FINANCE,3.9,10658,Everyone,60817408.0,1000000
1070,BOOKS_AND_REFERENCE,4.4,2709,Everyone,7130316.8,1000000
1071,HEALTH_AND_FITNESS,4.6,28951,Everyone,62914560.0,1000000
1073,FINANCE,4.1,111632,Everyone,68157440.0,1000000
1074,FOOD_AND_DRINK,4.2,68103,Everyone,69206016.0,1000000
1075,HEALTH_AND_FITNESS,4.5,12955,Teen,7549747.2,1000000
1076,HEALTH_AND_FITNESS,4.8,48276,Everyone,7864320.0,1000000
1077,FINANCE,3.5,3856,Everyone,8598323.2,1000000
1078,FINANCE,4.6,26587,Everyone,8808038.4,1000000
1079,EDUCATION,4.2,5741,Everyone,88080384.0,1000000
1081,DATING,3.6,8,Mature 17+,14680064.0,1000
1083,LIFESTYLE,3.7,41941,Everyone,14680064.0,10000000
1084,ENTERTAINMENT,4.5,653008,Everyone,16777216.0,10000000
1087,EDUCATION,4.3,266948,Everyone,22020096.0,10000000
1090,ENTERTAINMENT,4.2,123279,Everyone 10+,26214400.0,10000000
1094,HEALTH_AND_FITNESS,3.3,20098,Everyone,26214400.0,10000000
1095,HOUSE_AND_HOME,4.5,417907,Everyone,35651584.0,10000000
1097,FOOD_AND_DRINK,4.5,455377,Everyone,36700160.0,10000000
1098,FOOD_AND_DRINK,3.6,145323,Everyone,44040192.0,10000000
1099,ENTERTAINMENT,3.7,197774,Mature 17+,46137344.0,10000000
1101,LIFESTYLE,4.4,726074,Everyone,47185920.0,10000000
1102,FINANCE,4.4,341090,Everyone,55574528.0,10000000
1103,GAME,4.5,183846,Everyone,103809024.0,10000000
1104,AUTO_AND_VEHICLES,3.9,295,Everyone,2831155.2,10000
1105,EDUCATION,4.1,702,Everyone,7969177.6,10000
1107,COMMUNICATION,4.3,4187998,Everyone,16777216.0,100000000
1109,GAME,4.6,9882639,Everyone,77594624.0,100000000
1110,GAME,4.1,10424925,Everyone,89128960.0,100000000
1111,GAME,4.6,5418675,Everyone,100663296.0,100000000
1112,HEALTH_AND_FITNESS,4.6,299,Everyone,11534336.0,100000
1113,FINANCE,4.7,7514,Everyone,14680064.0,100000
1114,LIFESTYLE,4.0,3937,Everyone,15728640.0,100000
1115,FINANCE,3.8,861,Everyone,17825792.0,100000
1116,HEALTH_AND_FITNESS,4.5,8642,Everyone,18874368.0,100000
1117,ART_AND_DESIGN,4.3,967,Everyone,2936012.8,100000
1118,ART_AND_DESIGN,4.6,4326,Everyone,22020096.0,100000
1119,DATING,4.2,4195,Mature 17+,25165824.0,100000
1120,DATING,4.1,2067,Mature 17+,25165824.0,100000
1122,EDUCATION,4.7,3528,Everyone,25165824.0,100000
1123,HOUSE_AND_HOME,3.4,287,Everyone,28311552.0,100000
1124,FINANCE,4.6,2417,Everyone,29360128.0,100000
1125,AUTO_AND_VEHICLES,3.9,3971,Everyone,3774873.6,100000
1126,COMICS,4.6,4895,Everyone,36700160.0,100000
1127,HEALTH_AND_FITNESS,3.7,1812,Everyone,38797312.0,100000
1128,FINANCE,4.5,8662,Everyone,39845888.0,100000
1129,FINANCE,4.1,2898,Everyone,47185920.0,100000
1130,BUSINESS,4.2,1661,Everyone,48234496.0,100000
1131,FINANCE,3.9,1098,Everyone,48234496.0,100000
1132,EDUCATION,4.6,18372,Everyone,49283072.0,100000
1133,EDUCATION,4.6,13612,Everyone,50331648.0,100000
1134,DATING,3.4,2519,Mature 17+,5242880.0,100000
1135,HEALTH_AND_FITNESS,4.1,3405,Everyone,53477376.0,100000
1137,LIBRARIES_AND_DEMO,3.1,1267,Everyone,57671680.0,100000
1138,DATING,3.0,837,Mature 17+,9856614.4,100000
1139,LIFESTYLE,4.6,1658,Everyone,10171187.2,100000
1141,EVENTS,5.0,1,Everyone,22020096.0,100
1142,DATING,2.7,3,Mature 17+,4089446.4,100
1144,DATING,5.0,2,Mature 17+,73400320.0,100
1145,GAME,3.1,25825,Everyone,16777216.0,5000000
1146,ENTERTAINMENT,4.4,288150,Teen,22020096.0,5000000
1149,FINANCE,4.0,78306,Everyone,48234496.0,5000000
1150,COMMUNICATION,4.3,27187,Everyone,69206016.0,5000000
1151,COMMUNICATION,4.3,158679,Everyone,9227468.8,5000000
1152,DATING,3.9,105,Mature 17+,28311552.0,5000
1154,DATING,3.5,69,Mature 17+,37748736.0,5000
1155,LIFESTYLE,4.5,82145,Everyone,31457280.0,50000000
1156,FINANCE,4.3,659741,Everyone,49283072.0,50000000
1158,COMICS,4.8,516,Everyone,12582912.0,50000
1159,HOUSE_AND_HOME,4.1,81,Everyone,16777216.0,50000
1160,FINANCE,4.3,685,Everyone,22020096.0,50000
1161,ENTERTAINMENT,3.0,493,Everyone,24117248.0,50000
1162,FOOD_AND_DRINK,3.9,464,Everyone,29360128.0,50000
1163,BOOKS_AND_REFERENCE,4.5,1857,Everyone,5138022.4,50000
1164,AUTO_AND_VEHICLES,4.4,805,Everyone,5872025.6,50000
1165,FINANCE,4.7,1311,Everyone,9751756.8,50000
1166,HEALTH_AND_FITNESS,4.4,5038,Everyone,10485760.0,500000
1167,ENTERTAINMENT,4.5,16372,Teen,13631488.0,500000
1168,FOOD_AND_DRINK,4.1,2473,Everyone,14680064.0,500000
1169,HEALTH_AND_FITNESS,4.0,1577,Everyone,2306867.2,500000
1170,HEALTH_AND_FITNESS,4.7,11689,Everyone,20971520.0,500000
1172,ENTERTAINMENT,3.6,1968,Everyone,22020096.0,500000
1173,ART_AND_DESIGN,4.7,8145,Everyone,25165824.0,500000
1174,EDUCATION,4.7,31085,Everyone,25165824.0,500000
1175,FOOD_AND_DRINK,3.3,1726,Everyone,31457280.0,500000
1176,HEALTH_AND_FITNESS,4.6,10445,Everyone,50331648.0,500000
1177,DATING,3.5,2593,Mature 17+,5242880.0,500000
1178,FINANCE,4.3,5905,Everyone,52428800.0,500000
1179,HEALTH_AND_FITNESS,4.7,16570,Everyone,76546048.0,500000
1180,EVENTS,5.0,4,Everyone,63963136.0,500
1181,FINANCE,4.2,257,Everyone,46137344.0,10000
1183,LIFESTYLE,4.2,23164,Mature 17+,10485760.0,1000000
1184,BUSINESS,4.3,20815,Everyone,10485760.0,1000000
1186,EDUCATION,4.3,22384,Everyone,17825792.0,1000000
1188,EDUCATION,4.5,99020,Everyone,18874368.0,1000000
1191,HEALTH_AND_FITNESS,4.5,27439,Everyone,19922944.0,1000000
1193,HOUSE_AND_HOME,4.6,36857,Everyone,19922944.0,1000000
1195,FOOD_AND_DRINK,3.6,22875,Everyone,23068672.0,1000000
1197,HEALTH_AND_FITNESS,4.6,56145,Everyone,24117248.0,1000000
1198,EVENTS,4.5,8800,Everyone,25165824.0,1000000
1199,FINANCE,4.1,6998,Everyone,25165824.0,1000000
1200,BUSINESS,4.8,148945,Everyone,26214400.0,1000000
1201,FINANCE,4.4,15141,Everyone,26214400.0,1000000
1202,HOUSE_AND_HOME,4.4,11200,Everyone,26214400.0,1000000
1203,EVENTS,4.4,15558,Everyone,27262976.0,1000000
1204,COMICS,4.4,238970,Teen,29360128.0,1000000
1205,LIBRARIES_AND_DEMO,4.5,60170,Everyone,29360128.0,1000000
1206,COMMUNICATION,4.0,122595,Everyone,31457280.0,1000000
1207,FINANCE,4.3,24729,Everyone,33554432.0,1000000
1208,FOOD_AND_DRINK,4.5,35218,Everyone,35651584.0,1000000
1209,FOOD_AND_DRINK,4.2,10159,Everyone,37748736.0,1000000
1210,COMMUNICATION,3.9,42370,Everyone,38797312.0,1000000
1211,ENTERTAINMENT,4.1,21867,Teen,40894464.0,1000000
1212,LIFESTYLE,4.5,53652,Everyone,40894464.0,1000000
1213,COMMUNICATION,4.4,36880,Everyone,4194304.0,1000000
1215,LIFESTYLE,4.2,3788,Everyone,46137344.0,1000000
1216,HOUSE_AND_HOME,4.0,7508,Everyone,5347737.6,1000000
1217,EVENTS,4.6,8232,Everyone,55574528.0,1000000
1218,HEALTH_AND_FITNESS,4.5,106547,Everyone,56623104.0,1000000
1219,HEALTH_AND_FITNESS,4.4,38343,Everyone,57671680.0,1000000
1220,BEAUTY,4.5,26834,Everyone,59768832.0,1000000
1221,HEALTH_AND_FITNESS,4.0,49479,Teen,59768832.0,1000000
1222,ENTERTAINMENT,3.7,17247,Everyone 10+,7549747.2,1000000
1223,HOUSE_AND_HOME,4.5,8481,Everyone,7864320.0,1000000
1225,ENTERTAINMENT,4.3,44550,Everyone,75497472.0,1000000
1226,FOOD_AND_DRINK,4.3,31986,Teen,79691776.0,1000000
1227,GAME,4.4,41975,Everyone,82837504.0,1000000
1228,ENTERTAINMENT,4.3,160164,Teen,12582912.0,10000000
1229,COMMUNICATION,4.4,177703,Mature 17+,13631488.0,10000000
1230,COMMUNICATION,4.2,177263,Mature 17+,13631488.0,10000000
1231,FOOD_AND_DRINK,4.1,64784,Everyone,13631488.0,10000000
1232,LIFESTYLE,3.5,6145,Everyone,13631488.0,10000000
1233,FINANCE,4.0,34428,Everyone,15728640.0,10000000
1234,AUTO_AND_VEHICLES,4.2,271920,Teen,16777216.0,10000000
1235,EDUCATION,4.3,206527,Everyone 10+,22020096.0,10000000
1238,HEALTH_AND_FITNESS,4.5,130104,Everyone,26214400.0,10000000
1239,ENTERTAINMENT,4.1,115033,Everyone,31457280.0,10000000
1240,FINANCE,4.6,1374549,Everyone,33554432.0,10000000
1241,GAME,4.4,37023,Everyone,34603008.0,10000000
1242,FOOD_AND_DRINK,4.2,333208,Everyone,35651584.0,10000000
1243,LIFESTYLE,4.1,47497,Everyone,35651584.0,10000000
1244,FINANCE,4.4,250706,Everyone,38797312.0,10000000
1246,ENTERTAINMENT,3.5,10939,Everyone,4823449.6,10000000
1247,HEALTH_AND_FITNESS,4.6,115721,Everyone,70254592.0,10000000
1249,FINANCE,4.6,510392,Everyone,82837504.0,10000000
1251,GAME,4.2,195558,Everyone,90177536.0,10000000
1252,HEALTH_AND_FITNESS,4.6,251534,Everyone,97517568.0,10000000
1254,GAME,4.3,174755,Everyone 10+,102760448.0,10000000
1255,FINANCE,4.6,964,Everyone,14680064.0,10000
1256,BUSINESS,4.5,413,Everyone,30408704.0,10000
1257,COMICS,3.5,115,Mature 17+,9542041.6,10000
1258,FINANCE,4.4,3780,Everyone,11534336.0,100000
1259,DATING,1.9,953,Mature 17+,19922944.0,100000
1262,FINANCE,4.8,12304,Everyone,22020096.0,100000
1263,LIBRARIES_AND_DEMO,4.6,3014,Everyone,22020096.0,100000
1264,EVENTS,4.1,399,Everyone,25165824.0,100000
1265,FINANCE,4.4,7731,Everyone,25165824.0,100000
1267,FOOD_AND_DRINK,4.6,7690,Everyone,26214400.0,100000
1268,ENTERTAINMENT,4.5,1575,Everyone,45088768.0,100000
1269,DATING,3.3,4631,Mature 17+,47185920.0,100000
1270,FINANCE,4.2,283,Everyone,5242880.0,100000
1272,HEALTH_AND_FITNESS,4.0,3061,Everyone,5767168.0,100000
1274,BUSINESS,3.8,1383,Everyone,53477376.0,100000
1276,HOUSE_AND_HOME,4.8,3167,Everyone,7864320.0,100000
1277,BUSINESS,4.0,624,Everyone,9437184.0,100000
1278,FINANCE,3.8,1054,Everyone,10171187.2,100000
1279,HEALTH_AND_FITNESS,4.2,14709,Everyone,15728640.0,5000000
1280,FOOD_AND_DRINK,4.3,28008,Everyone,17825792.0,5000000
1282,FOOD_AND_DRINK,4.6,90242,Everyone,19922944.0,5000000
1283,BUSINESS,4.3,85185,Everyone,30408704.0,5000000
1284,FINANCE,4.5,100997,Everyone,34603008.0,5000000
1285,FOOD_AND_DRINK,4.5,155944,Everyone,36700160.0,5000000
1287,GAME,4.1,55380,Everyone,40894464.0,5000000
1288,FINANCE,3.6,52306,Everyone,44040192.0,5000000
1289,HEALTH_AND_FITNESS,4.5,144040,Everyone,57671680.0,5000000
1291,HEALTH_AND_FITNESS,4.5,183662,Everyone,59768832.0,5000000
1294,EDUCATION,4.5,172505,Everyone,79691776.0,5000000
1298,FINANCE,4.7,3290,Everyone,12582912.0,50000
1299,LIFESTYLE,4.2,220,Everyone,15728640.0,50000
1300,EDUCATION,3.9,61,Mature 17+,18874368.0,50000
1301,DATING,3.5,241,Mature 17+,2936012.8,50000
1302,DATING,3.4,212,Mature 17+,3145728.0,50000
1303,BUSINESS,4.1,5448,Everyone,12582912.0,500000
1305,DATING,4.2,7779,Mature 17+,12582912.0,500000
1307,AUTO_AND_VEHICLES,4.0,2155,Everyone,15728640.0,500000
1308,BEAUTY,4.7,18900,Everyone,17825792.0,500000
1309,FINANCE,4.3,5928,Everyone,23068672.0,500000
1310,BUSINESS,3.9,1058,Everyone,24117248.0,500000
1311,HEALTH_AND_FITNESS,4.4,12858,Everyone,57671680.0,500000
1312,DATING,4.5,120,Mature 17+,10485760.0,500
1314,FOOD_AND_DRINK,4.5,9066,Everyone,15728640.0,500000
1316,FINANCE,4.6,3596,Everyone,19922944.0,100000
1317,ENTERTAINMENT,4.3,1856,Teen,20971520.0,100000
1318,ENTERTAINMENT,3.6,2639,Everyone,8912896.0,100000
1319,FOOD_AND_DRINK,4.2,3755,Everyone,8912896.0,100000
1320,AUTO_AND_VEHICLES,3.9,142,Everyone,33554432.0,50000
1322,LIFESTYLE,4.5,100,Everyone,7444889.6,1000000
1323,BUSINESS,3.8,14760,Everyone,9017753.6,50000000
1324,LIFESTYLE,4.3,985,Everyone,16777216.0,500000
1325,LIBRARIES_AND_DEMO,4.6,237,Everyone,8704.0,50000
